{
	"format_version": "1.21.6",
	"credit": "Made by BronGhast014 with Blockbench",
	"texture_size": [96, 96],
	"textures": {
		"0": "santas_delight:item/decoration/gift",
		"particle": "santas_delight:item/decoration/gift"
	},
	"elements": [
		{
			"from": [13, 6.75, 10],
			"to": [23, 10.75, 10],
			"rotation": {"angle": -45, "axis": "z", "origin": [18, 6.5, 10]},
			"faces": {
				"north": {"uv": [0, 13.5, 1.66667, 14.16667], "texture": "#0"},
				"east": {"uv": [0, 13.5, 0, 14.16667], "texture": "#missing"},
				"south": {"uv": [1.66667, 13.5, 3.33333, 14.16667], "texture": "#0"},
				"west": {"uv": [1.66667, 13.5, 1.66667, 14.16667], "texture": "#missing"},
				"up": {"uv": [1.66667, 13.66667, 0, 13.66667], "texture": "#missing"},
				"down": {"uv": [3.33333, 13.66667, 1.66667, 13.66667], "texture": "#missing"}
			}
		},
		{
			"from": [18, 6.75, 5],
			"to": [18, 10.75, 15],
			"rotation": {"angle": -45, "axis": "z", "origin": [18, 6.5, 10]},
			"faces": {
				"north": {"uv": [1.66667, 13.66666, 1.66667, 14.33333], "texture": "#0"},
				"east": {"uv": [0, 13.5, 1.66667, 14.16666], "texture": "#0"},
				"south": {"uv": [3.33333, 13.66666, 3.33333, 14.33333], "texture": "#0"},
				"west": {"uv": [1.66667, 13.5, 3.33333, 14.16666], "texture": "#0"},
				"up": {"uv": [1.66667, 13.66666, 1.66667, 12], "texture": "#0"},
				"down": {"uv": [1.66667, 12, 1.66667, 13.66666], "texture": "#0"}
			}
		},
		{
			"name": "lid",
			"from": [12.5, 2.75, 4.5],
			"to": [23.5, 6.75, 15.5],
			"rotation": {"angle": -45, "axis": "z", "origin": [18, 6.5, 10]},
			"faces": {
				"north": {"uv": [1.66667, 9.66667, 3.33333, 10.33333], "texture": "#0"},
				"east": {"uv": [0, 9.66667, 1.66667, 10.33333], "texture": "#0"},
				"south": {"uv": [5, 9.66667, 6.66667, 10.33333], "texture": "#0"},
				"west": {"uv": [3.33333, 9.66667, 5, 10.33333], "texture": "#0"},
				"up": {"uv": [3.33333, 9.66667, 1.66667, 8], "texture": "#0"},
				"down": {"uv": [5, 8, 3.33333, 9.66667], "texture": "#0"}
			}
		},
		{
			"name": "box",
			"from": [3, 0, 3],
			"to": [13, 6, 13],
			"rotation": {"angle": 0, "axis": "y", "origin": [3, 0, 3]},
			"faces": {
				"north": {"uv": [1.66667, 12.16667, 3.33333, 13.16667], "texture": "#0"},
				"east": {"uv": [0, 12.16667, 1.66667, 13.16667], "texture": "#0"},
				"south": {"uv": [5, 12.16667, 6.66667, 13.16667], "texture": "#0"},
				"west": {"uv": [3.33333, 12.16667, 5, 13.16667], "texture": "#0"},
				"up": {"uv": [3.33333, 12.16667, 1.66667, 10.5], "texture": "#0"},
				"down": {"uv": [5, 10.5, 3.33333, 12.16667], "texture": "#0"}
			}
		}
	],
	"display": {
		"head": {
			"translation": [0, -16.75, 0],
			"scale": [2, 2, 2]
		}
	},
	"groups": [
		{
			"name": "gift",
			"origin": [3, 0, 3],
			"color": 0,
			"children": [
				{
					"name": "bow",
					"origin": [8, 12.5, 8],
					"color": 0,
					"children": [0, 1]
				},
				2,
				3
			]
		}
	]
}