{
	"credit": "Made by BronGhast014 with Blockbench",
	"texture_size": [64, 64],
	"textures": {
		"0": "santas_delight:item/decoration/wreath",
		"particle": "santas_delight:item/decoration/wreath"
	},
	"elements": [
		{
			"from": [-2.5, -1.5, 9],
			"to": [17.5, 17.5, 9],
			"rotation": {"angle": 0, "axis": "y", "origin": [-0.5, 0.5, 0]},
			"faces": {
				"north": {"uv": [0, 0, 5, 4.75], "texture": "#0"},
				"east": {"uv": [0, 0, 0, 4.75], "texture": "#0"},
				"south": {"uv": [5, 0, 10, 4.75], "texture": "#0"},
				"west": {"uv": [0, 0, 0, 4.75], "texture": "#0"},
				"up": {"uv": [5, 0, 0, 0], "texture": "#0"},
				"down": {"uv": [5, 0, 0, 0], "texture": "#0"}
			}
		},
		{
			"from": [-2.5, -1.5, 7.5],
			"to": [17.5, 17.5, 7.5],
			"rotation": {"angle": 0, "axis": "y", "origin": [-0.5, 0.5, -1.5]},
			"faces": {
				"north": {"uv": [0, 4.75, 5, 9.5], "texture": "#0"},
				"east": {"uv": [0, 0, 0, 4.75], "texture": "#0"},
				"south": {"uv": [5, 4.75, 10, 9.5], "texture": "#0"},
				"west": {"uv": [0, 0, 0, 4.75], "texture": "#0"},
				"up": {"uv": [5, 0, 0, 0], "texture": "#0"},
				"down": {"uv": [5, 0, 0, 0], "texture": "#0"}
			}
		},
		{
			"from": [-0.5, 13, 6],
			"to": [15.5, 13, 10],
			"rotation": {"angle": 0, "axis": "y", "origin": [-0.5, 13, 6]},
			"faces": {
				"north": {"uv": [0, 0, 4, 0], "texture": "#missing"},
				"east": {"uv": [0, 0, 1, 0], "texture": "#missing"},
				"south": {"uv": [0, 0, 4, 0], "texture": "#missing"},
				"west": {"uv": [0, 0, 1, 0], "texture": "#missing"},
				"up": {"uv": [0, 9.5, 4, 10.5], "texture": "#0"},
				"down": {"uv": [4, 9.5, 8, 10.5], "rotation": 180, "texture": "#0"}
			}
		},
		{
			"from": [-0.5, 3, 6],
			"to": [15.5, 3, 10],
			"rotation": {"angle": 0, "axis": "y", "origin": [-0.5, 3, 6]},
			"faces": {
				"north": {"uv": [0, 0, 4, 0], "texture": "#0"},
				"east": {"uv": [0, 0, 1, 0], "texture": "#0"},
				"south": {"uv": [0, 0, 4, 0], "texture": "#0"},
				"west": {"uv": [0, 0, 1, 0], "texture": "#0"},
				"up": {"uv": [4, 10.5, 0, 9.5], "rotation": 180, "texture": "#0"},
				"down": {"uv": [8, 9.5, 4, 10.5], "rotation": 180, "texture": "#0"}
			}
		},
		{
			"from": [12.5, 1, 6],
			"to": [12.5, 15, 10],
			"rotation": {"angle": 0, "axis": "y", "origin": [-3.5, 1, 6]},
			"faces": {
				"north": {"uv": [0, 0, 0, 3.5], "texture": "#0"},
				"east": {"uv": [8, 9.5, 9, 13], "texture": "#0"},
				"south": {"uv": [0, 0, 0, 3.5], "texture": "#0"},
				"west": {"uv": [9, 9.5, 10, 13], "rotation": 180, "texture": "#0"},
				"up": {"uv": [0, 1, 0, 0], "texture": "#0"},
				"down": {"uv": [0, 0, 0, 1], "texture": "#0"}
			}
		},
		{
			"from": [2.5, 1, 6],
			"to": [2.5, 15, 10],
			"rotation": {"angle": 0, "axis": "y", "origin": [-13.5, 1, 6]},
			"faces": {
				"north": {"uv": [0, 0, 0, 3.5], "texture": "#missing"},
				"east": {"uv": [8, 9.5, 9, 13], "texture": "#0"},
				"south": {"uv": [0, 0, 0, 3.5], "texture": "#missing"},
				"west": {"uv": [9, 9.5, 10, 13], "rotation": 180, "texture": "#0"},
				"up": {"uv": [0, 0, 0, 1], "texture": "#missing"},
				"down": {"uv": [0, 0, 0, 1], "texture": "#missing"}
			}
		},
		{
			"from": [1.5, 9, 7],
			"to": [14.5, 17, 7],
			"rotation": {"angle": 22.5, "axis": "x", "origin": [8, 13, 7]},
			"faces": {
				"north": {"uv": [11.75, 1.5, 15, 3.5], "texture": "#0"},
				"east": {"uv": [0, 0, 0.25, 1], "texture": "#missing"},
				"south": {"uv": [11.75, 1.5, 15, 3.5], "texture": "#0"},
				"west": {"uv": [0, 0, 0.25, 1], "texture": "#missing"},
				"up": {"uv": [0, 0, 1.75, 0.25], "texture": "#missing"},
				"down": {"uv": [0, 0, 1.75, 0.25], "texture": "#missing"}
			}
		}
	],
	"display": {
		"head": {
			"translation": [1, -13.5, -22],
			"scale": [2, 2, 2]
		}
	}
}